{"rouge1": [0.74977364076358, 0.07555792946237173, 0.13554199398403394], "rouge2": [0.3099176068102611, 0.03050177216830014, 0.054872849173785], "rougeL": [0.5455573167331346, 0.054249661987664254, 0.09751078842265021]}