{"rouge1": [0.935000511956558, 0.5278148587213581, 0.6672358777398915], "rouge2": [0.9173738968912865, 0.5113335870697466, 0.6492531306584468], "rougeL": [0.9191004723492465, 0.5169100070107314, 0.6544383637659487]}