{"rouge1": [0.310223417473778, 0.2931263087847651, 0.29620259479807315], "rouge2": [0.10986565109937971, 0.1061197865063805, 0.1059008860729914], "rougeL": [0.2167779064165835, 0.2046074803127824, 0.20678684526368785]}