{"rouge1": [0.4584804085269929, 0.3563554119768593, 0.3972971212083671], "rouge2": [0.18974878028709682, 0.14640519715764982, 0.16370837217997627], "rougeL": [0.31788171543573707, 0.2455743719665017, 0.2745091025119543]}