{"rouge1": [0.33841387624448616, 0.4024603152306834, 0.35607742278611504], "rouge2": [0.13860165594675045, 0.16435317741790775, 0.14554879479353447], "rougeL": [0.23941206836273032, 0.28221651144306226, 0.250852467050716]}